id,country_code,name,name_shirt,position,birth_date,year
1,ENG,Aaron Ramsdale,Ramsdale,GOALKEEPER,1998-05-14,2020
2,ENG,Sam Johnstone,Johnstone,GOALKEEPER,1993-03-25,2020
3,ENG,Jack Grealish,Grealish,MIDFIELDER,1995-09-10,2020
4,ENG,Jordan Henderson,Henderson,MIDFIELDER,1990-06-17,2020
5,ENG,Marcus Rashford,Rashford,FORWARD,1997-10-31,2020
6,ENG,Tyrone Mings,Mings,DEFENDER,1993-03-13,2020
7,ENG,Conor Coady,Coady,DEFENDER,1993-02-25,2020
8,ENG,Jadon Sancho,Sancho,MIDFIELDER,2000-03-25,2020
9,ENG,Dominic Calvert-Lewin,Calvert-Lewin,FORWARD,1997-03-16,2020
10,ENG,Reece James,James,DEFENDER,1999-12-08,2020
11,ENG,Bukayo Saka,Saka,FORWARD,2001-09-05,2020
12,ENG,Jude Bellingham,Bellingham,MIDFIELDER,2003-06-29,2020
13,ENG,Jordan Pickford,Pickford,GOALKEEPER,1994-03-07,2020
14,ENG,Kyle Walker,Walker,DEFENDER,1990-05-28,2020
15,ENG,Luke Shaw,Shaw,DEFENDER,1995-07-12,2020
16,ENG,Declan Rice,Rice,MIDFIELDER,1999-01-14,2020
17,ENG,John Stones,Stones,DEFENDER,1994-05-28,2020
18,ENG,Harry Maguire,Maguire,DEFENDER,1993-03-05,2020
19,ENG,Harry Kane,Kane,FORWARD,1993-07-28,2020
20,ENG,Raheem Sterling,Sterling,FORWARD,1994-12-08,2020
21,ENG,Kieran Trippier,Trippier,DEFENDER,1990-09-19,2020
22,ENG,Kalvin Phillips,Phillips,MIDFIELDER,1995-12-02,2020
23,ENG,Mason Mount,Mount,MIDFIELDER,1999-01-10,2020
24,ITA,Manuel Locatelli,Locatelli,MIDFIELDER,1998-01-08,2020
25,ITA,Andrea Belotti,Belotti,FORWARD,1993-12-20,2020
26,ITA,Domenico Berardi,Berardi,FORWARD,1994-08-01,2020
27,ITA,Matteo Pessina,Pessina,MIDFIELDER,1997-04-21,2020
28,ITA,Francesco Acerbi,Acerbi,DEFENDER,1988-02-10,2020
29,ITA,Bryan Cristante,Cristante,MIDFIELDER,1995-03-03,2020
30,ITA,Federico Bernardeschi,Bernardeschi,MIDFIELDER,1994-02-16,2020
31,ITA,Alessandro Bastoni,Bastoni,DEFENDER,1999-04-13,2020
32,ITA,Alessandro Florenzi,Florenzi,DEFENDER,1991-03-11,2020
33,ITA,Rafael Tolói,Tolói,DEFENDER,1990-10-10,2020
34,ITA,Gianluigi Donnarumma,Donnarumma,GOALKEEPER,1999-02-25,2020
35,ITA,Giovanni Di Lorenzo,Di Lorenzo,DEFENDER,1993-08-04,2020
36,ITA,Giorgio Chiellini,Chiellini,DEFENDER,1984-08-14,2020
37,ITA,Marco Verratti,Verratti,MIDFIELDER,1992-11-05,2020
38,ITA,Jorginho,Jorginho,MIDFIELDER,1991-12-20,2020
39,ITA,Lorenzo Insigne,Insigne,FORWARD,1991-06-04,2020
40,ITA,Emerson,Emerson,DEFENDER,1994-08-03,2020
41,ITA,Federico Chiesa,Chiesa,FORWARD,1997-10-25,2020
42,ITA,Ciro Immobile,Immobile,FORWARD,1990-02-20,2020
43,ITA,Nicolò Barella,Barella,MIDFIELDER,1997-02-07,2020
44,ITA,Leonardo Bonucci,Bonucci,DEFENDER,1987-05-01,2020
45,DEN,Jonas Lössl,Lössl,GOALKEEPER,1989-02-01,2020
46,DEN,Frederik Rønnow,Rønnow,GOALKEEPER,1992-08-04,2020
47,DEN,Joachim Andersen,Andersen,DEFENDER,1996-05-31,2020
48,DEN,Robert Skov,Skov,MIDFIELDER,1996-05-20,2020
49,DEN,Andreas Skov Olsen,Skov Olsen,FORWARD,1999-12-29,2020
50,DEN,Mathias Jørgensen,Zanka,DEFENDER,1990-04-23,2020
51,DEN,Christian Nørgaard,Nørgaard,MIDFIELDER,1994-03-10,2020
52,DEN,Daniel Wass,Wass,MIDFIELDER,1989-05-31,2020
53,DEN,Jonas Wind,Wind,FORWARD,1999-02-07,2020
54,DEN,Yussuf Poulsen,Yurary,FORWARD,1994-06-15,2020
55,DEN,Andreas Cornelius,Cornelius,FORWARD,1993-03-16,2020
56,DEN,Mathias Jensen,Jensen,MIDFIELDER,1996-01-01,2020
57,DEN,Kasper Schmeichel,Schmeichel,GOALKEEPER,1986-11-05,2020
58,DEN,Jannik Vestergaard,Vestergaard,DEFENDER,1992-08-03,2020
59,DEN,Simon Kjær,Kjær,DEFENDER,1989-03-26,2020
60,DEN,Joakim Mæhle,Mæhle,DEFENDER,1997-05-20,2020
61,DEN,Andreas  Christensen,Christensen,DEFENDER,1996-04-10,2020
62,DEN,Thomas Delaney,Delaney,MIDFIELDER,1991-09-03,2020
63,DEN,Martin Braithwaite,Braithwaite,FORWARD,1991-06-05,2020
64,DEN,Kasper Dolberg,Dolberg,FORWARD,1997-10-06,2020
65,DEN,Mikkel Damsgaard,Damsgaard,FORWARD,2000-07-03,2020
66,DEN,Jens Stryger,Stryger,DEFENDER,1991-02-21,2020
67,DEN,Pierre-Emile Højbjerg,Højbjerg,MIDFIELDER,1995-08-05,2020
68,ESP,David de Gea,De Gea,GOALKEEPER,1990-11-07,2020
69,ESP,Robert Sánchez,Sánchez,GOALKEEPER,1997-11-18,2020
70,ESP,Diego Llorente,Llorente R.,DEFENDER,1993-08-16,2020
71,ESP,Pau Torres,Pau,DEFENDER,1997-01-16,2020
72,ESP,Marcos Llorente,M. Llorente,MIDFIELDER,1995-01-30,2020
73,ESP,Álvaro Morata,Morata,FORWARD,1992-10-23,2020
74,ESP,Gerard Moreno,Gerard,FORWARD,1992-04-07,2020
75,ESP,Thiago Alcántara,Thiago,MIDFIELDER,1991-04-11,2020
76,ESP,José Gayà,Gayà,DEFENDER,1995-05-25,2020
77,ESP,Rodri,Rodrigo,MIDFIELDER,1996-06-22,2020
78,ESP,Fabián Ruiz,Fabián,MIDFIELDER,1996-04-03,2020
79,ESP,Adama Traoré,Adama,MIDFIELDER,1996-01-25,2020
80,ESP,Unai Simón,Unai Simón,GOALKEEPER,1997-06-11,2020
81,ESP,César Azpilicueta,Azpilicueta,DEFENDER,1989-08-28,2020
82,ESP,Sergio Busquets,Sergio,MIDFIELDER,1988-07-16,2020
83,ESP,Koke,Koke,MIDFIELDER,1992-01-08,2020
84,ESP,Ferran Torres,Ferran,FORWARD,2000-02-29,2020
85,ESP,Eric García,Eric,DEFENDER,2001-01-09,2020
86,ESP,Jordi Alba,Jordi Alba,DEFENDER,1989-03-21,2020
87,ESP,Dani Olmo,Olmo,FORWARD,1998-05-07,2020
88,ESP,Mikel Oyarzabal,Oyarzabal,FORWARD,1997-04-21,2020
89,ESP,Aymeric Laporte,Laporte,DEFENDER,1994-05-27,2020
90,ESP,Pedri,Pedri,MIDFIELDER,2002-11-25,2020
91,UKR,Andriy Pyatov,Pyatov,GOALKEEPER,1984-06-28,2020
92,UKR,Anatoliy Trubin,Trubin,GOALKEEPER,2001-08-01,2020
93,UKR,Eduard Sobol,Sobol,DEFENDER,1995-04-20,2020
94,UKR,Georgiy Sudakov,Sudakov,MIDFIELDER,2002-09-01,2020
95,UKR,Taras Stepanenko,Stepanenko,MIDFIELDER,1989-08-08,2020
96,UKR,Marlos,Marlos,MIDFIELDER,1988-06-07,2020
97,UKR,Yevhen Makarenko,Makarenko,MIDFIELDER,1991-05-21,2020
98,UKR,Viktor Tsygankov,Tsygankov,MIDFIELDER,1997-11-15,2020
99,UKR,Roman Bezus,Bezus,MIDFIELDER,1990-09-26,2020
100,UKR,Oleksandr Zubkov,Zubkov,MIDFIELDER,1996-08-03,2020
101,UKR,Oleksandr Tymchyk,Tymchyk,DEFENDER,1997-01-20,2020
102,UKR,Artem Dovbyk,Dovbyk,FORWARD,1997-06-21,2020
103,UKR,Georgiy Bushchan,Bushchan,GOALKEEPER,1994-05-31,2020
104,UKR,Serhiy Kryvtsov,Kryvtsov,DEFENDER,1991-03-15,2020
105,UKR,Serhiy Sydorchuk,Sydorchuk,MIDFIELDER,1991-05-02,2020
106,UKR,Andriy Yarmolenko,Yarmolenko,MIDFIELDER,1989-10-23,2020
107,UKR,Roman Yaremchuk,Yaremchuk,FORWARD,1995-11-27,2020
108,UKR,Mykola Shaparenko,Shaparenko,MIDFIELDER,1998-10-04,2020
109,UKR,Illia Zabarnyi,Zabarnyi,DEFENDER,2002-09-01,2020
110,UKR,Vitaliy Mykolenko,Mykolenko,DEFENDER,1999-05-29,2020
111,UKR,Oleksandr Zinchenko,Zinchenko,DEFENDER,1996-12-15,2020
112,UKR,Oleksandr Karavaiev,Karavaiev,DEFENDER,1992-06-02,2020
113,UKR,Mykola Matviyenko,Matviyenko,DEFENDER,1996-05-02,2020
114,CZE,Aleš Mandous,Mandous,GOALKEEPER,1992-04-21,2020
115,CZE,Tomáš Koubek,Koubek,GOALKEEPER,1992-08-26,2020
116,CZE,Pavel Kadeřábek,Kadeřábek,DEFENDER,1992-04-25,2020
117,CZE,Jakub Brabec,Brabec,DEFENDER,1992-08-06,2020
118,CZE,Vladimír Darida,Darida,MIDFIELDER,1990-08-08,2020
119,CZE,Michael Krmenčík,Krmenčík,FORWARD,1993-03-15,2020
120,CZE,Jakub Jankto,Jankto,MIDFIELDER,1996-01-19,2020
121,CZE,David Zima,Zima,DEFENDER,2000-11-08,2020
122,CZE,Matěj Vydra,Vydra,FORWARD,1992-05-01,2020
123,CZE,Alex Král,Král,MIDFIELDER,1998-05-19,2020
124,CZE,Tomáš Pekhart,Pekhart,FORWARD,1989-05-26,2020
125,CZE,Jakub Pešek,Pešek,MIDFIELDER,1993-06-24,2020
126,CZE,Tomáš Vaclík,Vaclik,GOALKEEPER,1989-03-29,2020
127,CZE,Ondřej Čelůstka,Čelůstka,DEFENDER,1989-06-18,2020
128,CZE,Vladimír Coufal,Coufal,DEFENDER,1992-08-22,2020
129,CZE,Tomáš Kalas,Kalas,DEFENDER,1993-05-15,2020
130,CZE,Antonín Barák,Barák,MIDFIELDER,1994-12-03,2020
131,CZE,Tomáš Holeš,Holeš,MIDFIELDER,1993-03-31,2020
132,CZE,Patrik Schick,Schick,FORWARD,1996-01-24,2020
133,CZE,Lukáš Masopust,Masopust,MIDFIELDER,1993-02-12,2020
134,CZE,Petr Ševčík,Ševčík,MIDFIELDER,1994-05-04,2020
135,CZE,Tomáš Souček,Souček,MIDFIELDER,1995-02-27,2020
136,CZE,Jan Bořil,Bořil,DEFENDER,1991-01-11,2020
137,BEL,Thomas Kaminski,Kaminski,GOALKEEPER,1992-10-23,2020
138,BEL,Matz Sels,Sels,GOALKEEPER,1992-02-26,2020
139,BEL,Dedryck Boyata,Boyata,DEFENDER,1990-11-28,2020
140,BEL,Yannick Carrasco,Carrasco,FORWARD,1993-09-04,2020
141,BEL,Dries Mertens,Mertens,FORWARD,1987-05-06,2020
142,BEL,Jason Denayer,Denayer,DEFENDER,1995-06-28,2020
143,BEL,Leander Dendoncker,Dendoncker,MIDFIELDER,1995-04-15,2020
144,BEL,Christian Benteke,Benteke,FORWARD,1990-12-03,2020
145,BEL,Nacer Chadli,Chadli,MIDFIELDER,1989-08-02,2020
146,BEL,Michy Batshuayi,Batshuayi,FORWARD,1993-10-02,2020
147,BEL,Leandro Trossard,Trossard,MIDFIELDER,1994-12-04,2020
148,BEL,Dennis Praet,Praet,MIDFIELDER,1994-05-14,2020
149,BEL,Thibaut Courtois,Courtois,GOALKEEPER,1992-05-11,2020
150,BEL,Toby Alderweireld,Alderweireld,DEFENDER,1989-03-02,2020
151,BEL,Thomas Vermaelen,,,1985-11-14,2020
152,BEL,Jan Vertonghen,Vertonghen,DEFENDER,1987-04-24,2020
153,BEL,Axel Witsel,Witsel,MIDFIELDER,1989-01-12,2020
154,BEL,Kevin De Bruyne,De Bruyne,MIDFIELDER,1991-06-28,2020
155,BEL,Youri Tielemans,Tielemans,MIDFIELDER,1997-05-07,2020
156,BEL,Romelu Lukaku,Lukaku,FORWARD,1993-05-13,2020
157,BEL,Thomas Meunier,Meunier,DEFENDER,1991-09-12,2020
158,BEL,Thorgan Hazard,Hazard,MIDFIELDER,1993-03-29,2020
159,BEL,Jérémy Doku,Doku,FORWARD,2002-05-27,2020
160,SUI,Yvon Mvogo,Mvogo,GOALKEEPER,1994-06-06,2020
161,SUI,Gregor Kobel,Kobel,GOALKEEPER,1997-12-06,2020
162,SUI,Kevin Mbabu,Mbabu,DEFENDER,1995-04-19,2020
163,SUI,Ruben Vargas,Vargas,MIDFIELDER,1998-08-05,2020
164,SUI,Djibril Sow,Sow,MIDFIELDER,1997-02-06,2020
165,SUI,Christian Fassnacht,Fassnacht,MIDFIELDER,1993-11-11,2020
166,SUI,Loris Benito,Benito,DEFENDER,1992-01-07,2020
167,SUI,Mario Gavranović,Gavranović,FORWARD,1989-11-24,2020
168,SUI,Edimilson Fernandes,Fernandes,MIDFIELDER,1996-04-15,2020
169,SUI,Fabian Schär,Schär,DEFENDER,1991-12-20,2020
170,SUI,Eray Cömert,Cömert,DEFENDER,1998-02-04,2020
171,SUI,Jordan Lotomba,Lotomba,DEFENDER,1998-09-29,2020
172,SUI,Yann Sommer,Sommer,GOALKEEPER,1988-12-17,2020
173,SUI,Silvan Widmer,Widmer,DEFENDER,1993-03-05,2020
174,SUI,Nico Elvedi,Elvedi,DEFENDER,1996-09-30,2020
175,SUI,Manuel Akanji,Akanji,DEFENDER,1995-07-19,2020
176,SUI,Denis Zakaria,Zakaria,MIDFIELDER,1996-11-20,2020
177,SUI,Breel Embolo,Embolo,FORWARD,1997-02-14,2020
178,SUI,Remo Freuler,Freuler,MIDFIELDER,1992-04-15,2020
179,SUI,Haris Seferović,Seferovic,FORWARD,1992-02-22,2020
180,SUI,Ricardo Rodríguez,Rodriguez,DEFENDER,1992-08-25,2020
181,SUI,Steven Zuber,Zuber,MIDFIELDER,1991-08-17,2020
182,SUI,Xherdan Shaqiri,Shaqiri,MIDFIELDER,1991-10-10,2020
183,SWE,Karl-Johan Johnsson,Johnsson,GOALKEEPER,1990-01-28,2020
184,SWE,Kristoffer Nordfeldt,Nordfeldt,GOALKEEPER,1989-06-23,2020
185,SWE,Pierre Neurath Bengtsson,Bengtsson,DEFENDER,1988-04-12,2020
186,SWE,Marcus Berg,Berg,FORWARD,1986-08-17,2020
187,SWE,Gustav Svensson,Svensson,MIDFIELDER,1987-02-07,2020
188,SWE,Filip Helander,Helander,DEFENDER,1993-04-22,2020
189,SWE,Ken Sema,Sema,MIDFIELDER,1993-09-30,2020
190,SWE,Emil Krafth,Krafth,DEFENDER,1994-08-02,2020
191,SWE,Viktor Claesson,Claesson,MIDFIELDER,1992-01-02,2020
192,SWE,Pontus Jansson,Jansson,DEFENDER,1991-02-13,2020
193,SWE,Robin Quaison,Quaison,FORWARD,1993-10-09,2020
194,SWE,Jens Cajuste,Cajuste,MIDFIELDER,1999-08-10,2020
195,SWE,Robin Olsen,Olsen,GOALKEEPER,1990-01-08,2020
196,SWE,Mikael Lustig,Lustig,DEFENDER,1986-12-13,2020
197,SWE,Victor Lindelöf,Lindelöf,DEFENDER,1994-07-17,2020
198,SWE,Ludwig Augustinsson,Augustinsson,DEFENDER,1994-04-21,2020
199,SWE,Sebastian Larsson,MIDFIELDER,1985-06-06,2020,
200,SWE,Albin Ekdal,Ekdal,MIDFIELDER,1989-07-28,2020
201,SWE,Emil Forsberg,Forsberg,MIDFIELDER,1991-10-23,2020
202,SWE,Alexander Isak,Isak,FORWARD,1999-09-21,2020
203,SWE,Kristoffer Olsson,Olsson,MIDFIELDER,1995-06-30,2020
204,SWE,Dejan Kulusevski,Kulusevski,MIDFIELDER,2000-04-25,2020
205,SWE,Marcus Danielson,Danielson,DEFENDER,1989-04-08,2020
206,GER,Bernd Leno,Leno,GOALKEEPER,1992-03-04,2020
207,GER,Kevin Trapp,Trapp,GOALKEEPER,1990-07-08,2020
208,GER,Marcel Halstenberg,Halstenberg,DEFENDER,1991-09-27,2020
209,GER,Kevin Volland,Volland,FORWARD,1992-07-30,2020
210,GER,Serge Gnabry,Gnabry,FORWARD,1995-07-14,2020
211,GER,Jamal Musiala,Musiala,MIDFIELDER,2003-02-26,2020
212,GER,Niklas Süle,Süle,DEFENDER,1995-09-03,2020
213,GER,Florian Neuhaus,Neuhaus,MIDFIELDER,1997-03-16,2020
214,GER,Leroy Sané,Sané,MIDFIELDER,1996-01-11,2020
215,GER,İlkay Gündoğan,Gündoğan,MIDFIELDER,1990-10-24,2020
216,GER,Emre Can,Can,MIDFIELDER,1994-01-12,2020
217,GER,Robin Koch,Koch,DEFENDER,1996-07-17,2020
218,GER,Manuel Neuer,Neuer,GOALKEEPER,1986-03-27,2020
219,GER,Antonio Rüdiger,Rüdiger,DEFENDER,1993-03-03,2020
220,GER,Matthias Ginter,Ginter,DEFENDER,1994-01-19,2020
221,GER,Mats Hummels,Hummels,DEFENDER,1988-12-16,2020
222,GER,Joshua Kimmich,Kimmich,DEFENDER,1995-02-08,2020
223,GER,Kai Havertz,Havertz,FORWARD,1999-06-11,2020
224,GER,Toni Kroos,Kroos,MIDFIELDER,1990-01-04,2020
225,GER,Timo Werner,Werner,FORWARD,1996-03-06,2020
226,GER,Leon Goretzka,Goretzka,MIDFIELDER,1995-02-06,2020
227,GER,Robin Gosens,Gosens,DEFENDER,1994-07-05,2020
228,GER,Thomas Müller,Müller,FORWARD,1989-09-13,2020
229,FRA,Steve Mandanda,Mandanda,GOALKEEPER,1985-03-28,2020
230,FRA,Mike Maignan,Maignan,GOALKEEPER,1995-07-03,2020
231,FRA,Thomas Lemar,Lemar,MIDFIELDER,1995-11-12,2020
232,FRA,Olivier Giroud,Giroud,FORWARD,1986-09-30,2020
233,FRA,Corentin Tolisso,Tolisso,MIDFIELDER,1994-08-03,2020
234,FRA,Kurt Zouma,Zouma,DEFENDER,1994-10-27,2020
235,FRA,Moussa Sissoko,Sissoko,MIDFIELDER,1989-08-16,2020
236,FRA,Kingsley Coman,Coman,FORWARD,1996-06-13,2020
237,FRA,Lucas Hernández,L. Hernandez,DEFENDER,1996-02-14,2020
238,FRA,Wissam Ben Yedder,Ben Yedder,FORWARD,1990-08-12,2020
239,FRA,Léo Dubois,Dubois,DEFENDER,1994-09-14,2020
240,FRA,Marcus Thuram,Thuram,FORWARD,1997-08-06,2020
241,FRA,Hugo Lloris,Lloris,GOALKEEPER,1986-12-26,2020
242,FRA,Benjamin Pavard,Pavard,DEFENDER,1996-03-28,2020
243,FRA,Presnel Kimpembe,Kimpembe,DEFENDER,1995-08-13,2020
244,FRA,Raphaël Varane,Varane,DEFENDER,1993-04-25,2020
245,FRA,Clément Lenglet,Lenglet,DEFENDER,1995-06-17,2020
246,FRA,Paul Pogba,Pogba,MIDFIELDER,1993-03-15,2020
247,FRA,Antoine Griezmann,Griezmann,MIDFIELDER,1991-03-21,2020
248,FRA,Kylian Mbappé,Mbappe,FORWARD,1998-12-20,2020
249,FRA,N'Golo Kanté,Kante,MIDFIELDER,1991-03-29,2020
250,FRA,Adrien Rabiot,Rabiot,MIDFIELDER,1995-04-03,2020
251,FRA,Karim Benzema,Benzema,FORWARD,1987-12-19,2020
252,CRO,Lovre Kalinić,Kalinić,GOALKEEPER,1990-04-03,2020
253,CRO,Simon Sluga,Sluga,GOALKEEPER,1993-03-17,2020
254,CRO,Šime Vrsaljko,Vrsaljko,DEFENDER,1992-01-10,2020
255,CRO,Josip Brekalo,Brekalo,FORWARD,1998-06-23,2020
256,CRO,Andrej Kramarić,Kramarić,FORWARD,1991-06-19,2020
257,CRO,Ante Budimir,Budimir,FORWARD,1991-07-22,2020
258,CRO,Mario Pašalić,Pašalić,MIDFIELDER,1995-02-09,2020
259,CRO,Mile Škorić,Škorić,DEFENDER,1991-06-19,2020
260,CRO,Mislav Oršić,Oršić,FORWARD,1992-12-29,2020
261,CRO,Milan Badelj,Badelj,MIDFIELDER,1989-02-25,2020
262,CRO,Domagoj Bradarić,Bradarić,DEFENDER,1999-12-10,2020
263,CRO,Luka Ivanušec,Ivanušec,FORWARD,1998-11-26,2020
264,CRO,Dominik Livaković,Livaković,GOALKEEPER,1995-01-09,2020
265,CRO,Duje Ćaleta-Car,Ćaleta-Car,DEFENDER,1996-09-17,2020
266,CRO,Mateo Kovačić,Kovačić,MIDFIELDER,1994-05-06,2020
267,CRO,Luka Modrić,Modrić,MIDFIELDER,1985-09-09,2020
268,CRO,Marcelo Brozović,Brozović,MIDFIELDER,1992-11-16,2020
269,CRO,Nikola Vlašić,Vlašić,MIDFIELDER,1997-10-04,2020
270,CRO,Ante Rebić,A. Rebić,FORWARD,1993-09-21,2020
271,CRO,Bruno Petković,Petković,FORWARD,1994-09-16,2020
272,CRO,Domagoj Vida,Vida,DEFENDER,1989-04-29,2020
273,CRO,Josip Juranović,Juranović,DEFENDER,1995-08-16,2020
274,CRO,Joško Gvardiol,Gvardiol,DEFENDER,2002-01-23,2020
275,POR,Anthony Lopes,Lopes,GOALKEEPER,1990-10-01,2020
276,POR,Rui Silva,Rui Silva,GOALKEEPER,1994-02-07,2020
277,POR,Nélson Semedo,N. Semedo,DEFENDER,1993-11-16,2020
278,POR,José Fonte,Fonte,DEFENDER,1983-12-22,2020
279,POR,André Silva,André Silva,FORWARD,1995-11-06,2020
280,POR,Bruno Fernandes,B. Fernandes,MIDFIELDER,1994-09-08,2020
281,POR,Danilo,Danilo,MIDFIELDER,1991-09-09,2020
282,POR,Rúben Neves,R. Neves,MIDFIELDER,1997-03-13,2020
283,POR,Pedro Gonçalves,Pedro Gonçalves,MIDFIELDER,1998-06-28,2020
284,POR,João Félix,João Félix,FORWARD,1999-11-10,2020
285,POR,Sérgio Oliveira,Sérgio,MIDFIELDER,1992-06-02,2020
286,POR,Nuno Mendes,N. Mendes,DEFENDER,2002-06-19,2020
287,POR,Rui Patrício,Rui Patrício,GOALKEEPER,1988-02-15,2020
288,POR,Pepe,Pepe,DEFENDER,1983-02-26,2020
289,POR,Rúben Dias,Ruben Dias,DEFENDER,1997-05-14,2020
290,POR,Raphaël Guerreiro,Raphael,DEFENDER,1993-12-22,2020
291,POR,Cristiano Ronaldo,Ronaldo,FORWARD,1985-02-05,2020
292,POR,João Moutinho,J. Moutinho,MIDFIELDER,1986-09-08,2020
293,POR,Bernardo Silva,Bernardo,MIDFIELDER,1994-08-10,2020
294,POR,Renato Sanches,R. Sanches,MIDFIELDER,1997-08-18,2020
295,POR,Diogo Dalot,Dalot,DEFENDER,1999-03-18,2020
296,POR,Diogo Jota,Diogo J.,FORWARD,1996-12-04,2020
297,POR,João Palhinha,J. Palhinha,MIDFIELDER,1995-07-09,2020
298,NED,Tim Krul,Krul,GOALKEEPER,1988-04-03,2020
299,NED,Marco Bizot,Bizot,GOALKEEPER,1991-03-10,2020
300,NED,Joël Veltman,Veltman,DEFENDER,1992-01-15,2020
301,NED,Nathan Aké,Aké,DEFENDER,1995-02-18,2020
302,NED,Owen Wijndal,Wijndal,DEFENDER,1999-11-28,2020
303,NED,Steven Berghuis,Berghuis,FORWARD,1991-12-19,2020
304,NED,Quincy Promes,Promes,MIDFIELDER,1992-01-04,2020
305,NED,Davy Klaassen,Klaassen,MIDFIELDER,1993-02-21,2020
306,NED,Ryan Gravenberch,Gravenberch,MIDFIELDER,2002-05-16,2020
307,NED,Wout Weghorst,Weghorst,FORWARD,1992-08-07,2020
308,NED,Jurriën Timber,Timber,DEFENDER,2001-06-17,2020
309,NED,Cody Gakpo,Gakpo,FORWARD,1999-05-07,2020
310,NED,Maarten Stekelenburg,Stekelenburg,GOALKEEPER,1982-09-22,2020
311,NED,Matthijs De Ligt,De Ligt,DEFENDER,1999-08-12,2020
312,NED,Stefan De Vrij,De Vrij,DEFENDER,1992-02-05,2020
313,NED,Georginio Wijnaldum,Wijnaldum,MIDFIELDER,1990-11-11,2020
314,NED,Memphis Depay,Memphis,FORWARD,1994-02-13,2020
315,NED,Patrick Van Aanholt,van Aanholt,DEFENDER,1990-08-29,2020
316,NED,Marten de Roon,de Roon,MIDFIELDER,1991-03-29,2020
317,NED,Daley Blind,Blind,DEFENDER,1990-03-09,2020
318,NED,Donyell Malen,Malen,FORWARD,1999-01-19,2020
319,NED,Frenkie de Jong,F. de Jong,MIDFIELDER,1997-05-12,2020
320,NED,Denzel Dumfries,Dumfries,DEFENDER,1996-04-18,2020
321,AUT,Alexander Schlager,Schlager,GOALKEEPER,1996-02-01,2020
322,AUT,Pavao Pervan,Pervan,GOALKEEPER,1987-11-13,2020
323,AUT,Andreas Ulmer,Ulmer,DEFENDER,1985-10-30,2020
324,AUT,Stefan Posch,Posch,DEFENDER,1997-05-14,2020
325,AUT,Stefan Ilsanker,Ilsanker,MIDFIELDER,1989-05-18,2020
326,AUT,Michael Gregoritsch,Gregoritsch,FORWARD,1994-04-18,2020
327,AUT,Julian Baumgartlinger,Baumgartlinger,MIDFIELDER,1988-01-02,2020
328,AUT,Philipp Lienhart,Lienhart,DEFENDER,1996-07-11,2020
329,AUT,Christopher Trimmel,Trimmel,MIDFIELDER,1987-02-24,2020
330,AUT,Louis Schaub,Schaub,MIDFIELDER,1994-12-29,2020
331,AUT,Alessandro Schöpf,Schöpf,MIDFIELDER,1994-02-07,2020
332,AUT,Sasa Kalajdzic,Kalajdzic,FORWARD,1997-07-07,2020
333,AUT,Daniel Bachmann,Bachmann,GOALKEEPER,1994-07-09,2020
334,AUT,Aleksandar Dragović,Dragović,DEFENDER,1991-03-06,2020
335,AUT,Martin Hinteregger,Hinteregger,DEFENDER,1992-09-07,2020
336,AUT,Marko Arnautović,Arnautovic,FORWARD,1989-04-19,2020
337,AUT,David Alaba,,,1992-06-24,2020
338,AUT,Marcel Sabitzer,Sabitzer,MIDFIELDER,1994-03-17,2020
339,AUT,Florian Grillitsch,Grillitsch,MIDFIELDER,1995-08-07,2020
340,AUT,Christoph Baumgartner,Baumgartner,MIDFIELDER,1999-08-01,2020
341,AUT,Stefan Lainer,Lainer,DEFENDER,1992-08-27,2020
342,AUT,Xaver Schlager,Schlager X.,MIDFIELDER,1997-09-28,2020
343,AUT,Konrad Laimer,Laimer,MIDFIELDER,1997-05-27,2020
344,WAL,Wayne Hennessey,Hennessey,GOALKEEPER,1987-01-24,2020
345,WAL,Adam Davies,A Davies,GOALKEEPER,1992-07-17,2020
346,WAL,Chris Gunter,Gunter,DEFENDER,1989-07-21,2020
347,WAL,Neco Williams,N. Williams,DEFENDER,2001-04-13,2020
348,WAL,Tom Lockyer,Lockyer,DEFENDER,1994-12-03,2020
349,WAL,Harry Wilson,Wilson,MIDFIELDER,1997-03-22,2020
350,WAL,Tyler Roberts,T Roberts,FORWARD,1999-01-12,2020
351,WAL,Jonny Williams,J Williams,MIDFIELDER,1993-10-09,2020
352,WAL,David Brooks,Brooks,MIDFIELDER,1997-07-08,2020
353,WAL,Dylan Levitt,Levitt,MIDFIELDER,2000-11-17,2020
354,WAL,Ben Cabango,Cabango,DEFENDER,2000-05-30,2020
355,WAL,Matthew Smith,Smith,MIDFIELDER,1999-11-22,2020
356,WAL,Danny Ward,Ward,GOALKEEPER,1993-06-22,2020
357,WAL,Ben Davies,B Davies,DEFENDER,1993-04-24,2020
358,WAL,Joe Rodon,Rodon,DEFENDER,1997-10-22,2020
359,WAL,Joe Allen,Allen,MIDFIELDER,1990-03-14,2020
360,WAL,Aaron Ramsey,Ramsey,MIDFIELDER,1990-12-26,2020
361,WAL,Gareth Bale,Bale,FORWARD,1989-07-16,2020
362,WAL,Kieffer Moore,Moore,FORWARD,1992-08-08,2020
363,WAL,Connor Roberts,Roberts,DEFENDER,1995-09-23,2020
364,WAL,Joe Morrell,Morrell,MIDFIELDER,1997-01-03,2020
365,WAL,Daniel James,D James,MIDFIELDER,1997-11-10,2020
366,WAL,Chris Mepham,Mepham,DEFENDER,1997-11-05,2020
367,HUN,Dénes Dibusz,Dibusz,GOALKEEPER,1990-11-16,2020
368,HUN,Ádám Bogdán,Bogdán,GOALKEEPER,1987-09-27,2020
369,HUN,Ádám Lang,Lang,DEFENDER,1993-01-17,2020
370,HUN,Ákos Kecskés,Kecskés,DEFENDER,1996-01-04,2020
371,HUN,Filip Holender,Holender,FORWARD,1994-07-27,2020
372,HUN,Gergő Lovrencsics,Lovrencsics,DEFENDER,1988-09-01,2020
373,HUN,Roland Varga,Varga R.,MIDFIELDER,1990-01-23,2020
374,HUN,Dávid Sigér,Sigér,MIDFIELDER,1990-11-30,2020
375,HUN,Kevin Varga,Varga K.,MIDFIELDER,1996-03-30,2020
376,HUN,Nemanja Nikolić,Nikolics,FORWARD,1987-12-31,2020
377,HUN,Szabolcs Schön,Schön,FORWARD,2000-09-27,2020
378,HUN,Bendegúz Bolla,Bolla,DEFENDER,1999-11-22,2020
379,HUN,Péter Gulácsi,Gulácsi,GOALKEEPER,1990-05-06,2020
380,HUN,Attila Szalai,Szalai A.,DEFENDER,1998-01-20,2020
381,HUN,Attila Fiola,Fiola,DEFENDER,1990-02-17,2020
382,HUN,Willi Orbán,Orbán,DEFENDER,1992-11-03,2020
383,HUN,Loïc Négo,Négo,DEFENDER,1991-01-15,2020
384,HUN,Ádám Nagy,Nagy Á.,MIDFIELDER,1995-06-17,2020
385,HUN,Ádám Szalai,Szalai A.,FORWARD,1987-12-09,2020
386,HUN,András Schäfer,Schäfer,MIDFIELDER,1999-04-13,2020
387,HUN,László Kleinheisler,Kleinheisler,MIDFIELDER,1994-04-08,2020
388,HUN,Roland Sallai,Sallai,FORWARD,1997-05-22,2020
389,HUN,Endre Botka,Botka,DEFENDER,1994-08-25,2020
390,POL,Łukasz Skorupski,Skorupski,GOALKEEPER,1991-05-05,2020
391,POL,Łukasz Fabiański,Fabianski,GOALKEEPER,1985-04-18,2020
392,POL,Paweł Dawidowicz,Dawidowicz,MIDFIELDER,1995-05-20,2020
393,POL,Tomasz Kędziora,Kędziora ,DEFENDER,1994-06-11,2020
394,POL,Kacper Kozłowski,Kozłowski,MIDFIELDER,2003-10-16,2020
395,POL,Karol Linetty,Linetty,MIDFIELDER,1995-02-02,2020
396,POL,Maciej Rybus,Rybus,DEFENDER,1989-08-19,2020
397,POL,Przemysław Płacheta,Płacheta,MIDFIELDER,1998-03-23,2020
398,POL,Przemysław Frankowski,Frankowski,DEFENDER,1995-04-12,2020
399,POL,Dawid Kownacki,Kownacki,FORWARD,1997-03-14,2020
400,POL,Jakub Świerczok,Świerczok,FORWARD,1992-12-28,2020
401,POL,Michał Helik,Helik,DEFENDER,1995-09-09,2020
402,POL,Wojciech Szczęsny,Szczęsny,GOALKEEPER,1990-04-18,2020
403,POL,Jan Bednarek,Bednarek,DEFENDER,1996-04-12,2020
404,POL,Robert Lewandowski,Lewandowski,FORWARD,1988-08-21,2020
405,POL,Grzegorz Krychowiak,Krychowiak,MIDFIELDER,1990-01-29,2020
406,POL,Karol Świderski,Świderski,FORWARD,1997-01-23,2020
407,POL,Mateusz Klich,Klich,MIDFIELDER,1990-06-13,2020
408,POL,Kamil Glik,Glik,DEFENDER,1988-02-03,2020
409,POL,Bartosz Bereszyński,Bereszyński,DEFENDER,1992-07-12,2020
410,POL,Piotr Zieliński,Zieliński,MIDFIELDER,1994-05-20,2020
411,POL,Kamil Jóźwiak,Jóźwiak,MIDFIELDER,1998-04-22,2020
412,POL,Tymoteusz Puchacz,Puchacz,DEFENDER,1999-01-23,2020
413,SVK,Dušan Kuciak,Kuciak,GOALKEEPER,1985-05-21,2020
414,SVK,Marek Rodák,Rodák,GOALKEEPER,1996-12-13,2020
415,SVK,Martin Valjent,Valjent,DEFENDER,1995-12-11,2020
416,SVK,Ján Greguš,Gregus,MIDFIELDER,1991-01-29,2020
417,SVK,Vladimír Weiss,Weiss,MIDFIELDER,1989-11-30,2020
418,SVK,Tomáš Suslov,Suslov,FORWARD,2002-06-07,2020
419,SVK,László Bénes,Bénes,MIDFIELDER,1997-09-09,2020
420,SVK,Patrik Hrošovský,Hrošovský,MIDFIELDER,1992-04-22,2020
421,SVK,Dávid Hancko,Hancko,DEFENDER,1997-12-13,2020
422,SVK,Michal Ďuriš,Ďuriš,FORWARD,1988-06-01,2020
423,SVK,Stanislav Lobotka,Lobotka,MIDFIELDER,1994-11-25,2020
424,SVK,Martin Koscelník,Koscelník,DEFENDER,1995-03-02,2020
425,SVK,Martin Dúbravka,Dúbravka,GOALKEEPER,1989-01-15,2020
426,SVK,Peter Pekarík,Pekarík,DEFENDER,1986-10-30,2020
427,SVK,Ľubomír Šatka,Šatka,DEFENDER,1995-12-02,2020
428,SVK,Ondrej Duda,Duda,MIDFIELDER,1994-12-05,2020
429,SVK,Milan Škriniar,Škriniar,DEFENDER,1995-02-11,2020
430,SVK,Tomáš Hubočan,Hubočan,DEFENDER,1985-09-17,2020
431,SVK,Marek Hamšík,,,1987-07-27,2020
432,SVK,Lukáš Haraslín,Haraslín,FORWARD,1996-05-26,2020
433,SVK,Juraj Kucka,Kuco,MIDFIELDER,1987-02-26,2020
434,SVK,Róbert Mak,Mak,FORWARD,1991-03-08,2020
435,SVK,Jakub Hromada,Hromada,MIDFIELDER,1996-05-25,2020
436,SCO,Jon McLaughlin,McLaughlin,GOALKEEPER,1987-09-09,2020
437,SCO,Ryan Christie,Christie,FORWARD,1995-02-22,2020
438,SCO,John Fleck,Fleck,MIDFIELDER,1991-08-24,2020
439,SCO,Declan Gallagher,Gallagher,DEFENDER,1991-02-13,2020
440,SCO,Liam Cooper,Cooper,DEFENDER,1991-08-30,2020
441,SCO,David Turnbull,Turnbull,FORWARD,1999-07-10,2020
442,SCO,Kevin Nisbet,Nisbet,FORWARD,1997-03-08,2020
443,SCO,Ryan Fraser,Fraser,MIDFIELDER,1994-02-24,2020
444,SCO,Nathan Patterson,Patterson,DEFENDER,2001-10-16,2020
445,SCO,James Forrest,Forrest,MIDFIELDER,1991-07-07,2020
446,SCO,Scott McKenna,McKenna,DEFENDER,1996-11-12,2020
447,SCO,David Marshall,Marshall,GOALKEEPER,1985-03-05,2020
448,SCO,Stephen O'Donnell,O'Donnell,DEFENDER,1992-05-11,2020
449,SCO,Andrew Robertson,Robertson,DEFENDER,1994-03-11,2020
450,SCO,Scott McTominay,McTominay,MIDFIELDER,1996-12-08,2020
451,SCO,Grant Hanley,Hanley,DEFENDER,1991-11-20,2020
452,SCO,Kieran Tierney,Tierney,DEFENDER,1997-06-05,2020
453,SCO,John McGinn,McGinn,MIDFIELDER,1994-10-18,2020
454,SCO,Callum McGregor,McGregor,MIDFIELDER,1993-06-14,2020
455,SCO,Lyndon Dykes,Dykes,FORWARD,1995-10-07,2020
456,SCO,Ché Adams,Adams,FORWARD,1996-07-13,2020
457,SCO,Stuart Armstrong,Armstrong,MIDFIELDER,1992-03-30,2020
458,FIN,Jesse Joronen,Joronen,GOALKEEPER,1993-03-21,2020
459,FIN,Anssi Jaakkola,Jaakkola,GOALKEEPER,1987-03-13,2020
460,FIN,Leo Väisänen,L. Väisänen,DEFENDER,1997-07-23,2020
461,FIN,Robert Taylor,Taylor,FORWARD,1994-10-21,2020
462,FIN,Fredrik Jensen,F. Jensen,FORWARD,1997-09-09,2020
463,FIN,Rasmus Schüller,Schüller,MIDFIELDER,1991-06-18,2020
464,FIN,Pyry Soiri,Soiri,DEFENDER,1994-09-22,2020
465,FIN,Nikolai Alho,Alho,DEFENDER,1993-03-12,2020
466,FIN,Joni Kauko,Kauko,MIDFIELDER,1990-07-12,2020
467,FIN,Onni Valakari,Valakari,MIDFIELDER,1999-08-18,2020
468,FIN,Robert Ivanov,Ivanov,DEFENDER,1994-09-19,2020
469,FIN,Marcus Forss,Forss,FORWARD,1999-06-18,2020
470,FIN,Lukas Hradecky,Hrádecký,GOALKEEPER,1989-11-24,2020
471,FIN,Paulus Arajuuri,Arajuuri,DEFENDER,1988-06-15,2020
472,FIN,Daniel O'Shaughnessy,O'Shaughnessy,DEFENDER,1994-09-14,2020
473,FIN,Joona Toivio,Toivio,DEFENDER,1988-03-10,2020
474,FIN,Glen Kamara,Kamara,MIDFIELDER,1995-10-28,2020
475,FIN,Robin Lod,Lod,MIDFIELDER,1993-04-17,2020
476,FIN,Teemu Pukki,Pukki,FORWARD,1990-03-29,2020
477,FIN,Tim Sparv,Sparv,MIDFIELDER,1987-02-20,2020
478,FIN,Jere Uronen,Uronen,DEFENDER,1994-07-13,2020
479,FIN,Joel Pohjanpalo,Pohjanpalo,FORWARD,1994-09-13,2020
480,FIN,Jukka Raitala,Raitala,DEFENDER,1988-09-15,2020
481,RUS,Anton Shunin,Shunin,GOALKEEPER,1987-01-27,2020
482,RUS,Yuri Dyupin,Diupin,GOALKEEPER,1988-03-17,2020
483,RUS,Vyacheslav Karavaev,Karavaev,DEFENDER,1995-05-20,2020
484,RUS,Andrei Semenov,Semenov,DEFENDER,1989-03-24,2020
485,RUS,Denis Cheryshev,Cheryshev,MIDFIELDER,1990-12-26,2020
486,RUS,Dmitri Barinov,Barinov,MIDFIELDER,1996-09-11,2020
487,RUS,Aleksandr Sobolev,Sobolev,FORWARD,1997-03-07,2020
488,RUS,Anton Zabolotny,Zabolotniy,FORWARD,1991-06-13,2020
489,RUS,Rifat Zhemaletdinov,Zhemaletdinov,MIDFIELDER,1996-09-20,2020
490,RUS,Aleksei Ionov,Ionov,MIDFIELDER,1989-02-18,2020
491,RUS,Roman Evgenyev,Evgenev,DEFENDER,1999-02-23,2020
492,RUS,Maksim Mukhin,Mukhin,MIDFIELDER,2001-11-04,2020
493,RUS,Matvei Safonov,Safonov,GOALKEEPER,1999-02-25,2020
494,RUS,Mário Fernandes,Fernandes,DEFENDER,1990-09-19,2020
495,RUS,Igor Diveev,Diveev,DEFENDER,1999-09-27,2020
496,RUS,Magomed Ozdoev,Ozdoev,MIDFIELDER,1992-11-05,2020
497,RUS,Roman Zobnin,Zobnin,MIDFIELDER,1994-02-11,2020
498,RUS,Fedor Kudryashov,Kudryashov,DEFENDER,1987-04-05,2020
499,RUS,Georgi Dzhikiya,Dzhikiia,DEFENDER,1993-11-21,2020
500,RUS,Aleksei Miranchuk,Miranchuk,FORWARD,1995-10-17,2020
501,RUS,Aleksandr Golovin,Golovin,MIDFIELDER,1996-05-30,2020
502,RUS,Artem Dzyuba,Dzyuba,FORWARD,1988-08-22,2020
503,RUS,Daler Kuzyaev,Kuzyaev,MIDFIELDER,1993-01-15,2020
504,MKD,Risto Jankov,Jankov,GOALKEEPER,1998-09-05,2020
505,MKD,Damjan Shiskovski,Siskovski,GOALKEEPER,1995-03-18,2020
506,MKD,Gjoko Zajkov,Zajkov,DEFENDER,1995-02-10,2020
507,MKD,Kire Ristevski,Ristevski,DEFENDER,1990-10-22,2020
508,MKD,Ferhan Hasani,Hasani,MIDFIELDER,1990-06-18,2020
509,MKD,Tihomir Kostadinov,Kostadinov,MIDFIELDER,1996-03-04,2020
510,MKD,Boban Nikolov,Nikolov,MIDFIELDER,1994-07-28,2020
511,MKD,Vlatko Stojanovski,Stojanovski,FORWARD,1997-04-23,2020
512,MKD,Krste Velkovski,K. Velkoski,FORWARD,1988-02-20,2020
513,MKD,Stefan Spirovski,Spirovski,MIDFIELDER,1990-08-23,2020
514,MKD,Daniel Avramovski,Avramovski,FORWARD,1995-02-20,2020
515,MKD,Darko Churlinov,Curlinov,MIDFIELDER,2000-07-11,2020
516,MKD,Stole Dimitrievski,Dimitrievski,GOALKEEPER,1993-12-25,2020
517,MKD,Arijan Ademi,Ademi,MIDFIELDER,1991-05-29,2020
518,MKD,Visar Musliu,Musliu,DEFENDER,1994-11-13,2020
519,MKD,Ivan Tričkovski,Tričkovski,FORWARD,1987-04-18,2020
520,MKD,Ezgjan Alioski,Alioski,DEFENDER,1992-02-12,2020
521,MKD,Aleksandar Trajkovski,Trajkovski,FORWARD,1992-09-05,2020
522,MKD,Goran Pandev,Pandev,FORWARD,1983-07-27,2020
523,MKD,Stefan Ristovski,Ristovski,DEFENDER,1992-02-12,2020
524,MKD,Darko Velkovski,Velkovski,DEFENDER,1995-06-21,2020
525,MKD,Enis Bardhi,Bardhi,MIDFIELDER,1995-07-02,2020
526,MKD,Eljif Elmas,Elmas,MIDFIELDER,1999-09-24,2020
527,TUR,Mert Günok,MERT,GOALKEEPER,1989-03-01,2020
528,TUR,Altay Bayındır,ALTAY,GOALKEEPER,1998-04-14,2020
529,TUR,Okay Yokuşlu,OKAY,MIDFIELDER,1994-03-09,2020
530,TUR,Dorukhan Toköz,DORUKHAN,MIDFIELDER,1996-05-21,2020
531,TUR,Kenan Karaman,KARAMAN,FORWARD,1994-03-05,2020
532,TUR,Yusuf Yazıcı,YUSUF YAZICI,FORWARD,1997-01-29,2020
533,TUR,Taylan Antalyalı,TAYLAN,MIDFIELDER,1995-01-08,2020
534,TUR,Ozan Kabak,OZAN KABAK,DEFENDER,2000-03-25,2020
535,TUR,Enes Ünal,ENES,FORWARD,1997-05-10,2020
536,TUR,Rıdvan Yılmaz,RIDVAN,DEFENDER,2001-05-21,2020
537,TUR,Orkun Kökçü,ORKUN KÖKÇÜ,MIDFIELDER,2000-12-29,2020
538,TUR,Halil Dervişoğlu,DERVİŞOĞLU,FORWARD,1999-12-08,2020
539,TUR,Uğurcan Çakır,UĞURCAN,GOALKEEPER,1996-04-05,2020
540,TUR,Zeki Çelik,ZEKİ ÇELİK,DEFENDER,1997-02-17,2020
541,TUR,Merih Demiral,DEMİRAL,DEFENDER,1998-03-05,2020
542,TUR,Çağlar Söyüncü,ÇAĞLAR,DEFENDER,1996-05-23,2020
543,TUR,Ozan Tufan,OZAN,MIDFIELDER,1995-03-23,2020
544,TUR,Cengiz Ünder,CENGİZ ÜNDER,FORWARD,1997-07-14,2020
545,TUR,Hakan Çalhanoğlu,ÇALHANOĞLU,MIDFIELDER,1994-02-08,2020
546,TUR,Burak Yılmaz,BURAK,FORWARD,1985-07-15,2020
547,TUR,İrfan Can Kahveci,KAHVECİ,FORWARD,1995-07-15,2020
548,TUR,Kaan Ayhan,KAAN,MIDFIELDER,1994-11-10,2020
549,TUR,Mert Müldür,MERT MÜLDÜR,DEFENDER,1999-04-03,2020